gne_mean,gne_min,gne_max,pid,qid
0.2328405788605695,0,0.8452801896650909,40,13
