hnr_mean,hnr_min,hnr_max,pid,qid
10.220024635141613,-2.623837068992506,45.20802695108141,40,13
